client_id,company_name,tax_registration_country,company_address,postal_address
32860_PTP,юл РОБЕРТОВНА RKN,USA,null,['случайный адрес']
52640_ZVH,юл РУДОЛЬФОВНА DKS,null,"выявления, КНДР, На, ., , по-своему.,  )",null
17136_JHS,юл НАРКИС TXE,null,['случайный адрес'],"КНДР, волнуйтесь,, ( , ( , клиенты, требуется"
60967_DBB,юл АРКАДИЙ ZIP,null,['случайный адрес'],['случайный адрес']
63617_HYQ,юл АНДРЕЕВНА DVS,PRK,['случайный адрес'],null
23891_TCA,юл ДАНИЛОВНА TTP,RUS,"., Иран, лицензий, сценарий,  ., бизнес","автоматизации,  ), Иран, ., на, Поэтому"
61060_HMI,юл ФЕДОСЕЕВА JRY,USA,null,['случайный адрес']
51574_ZGW,юл ИГОРЕВНА NDL,RUS,"это, ., ,  ), задание,, Иран, соблюдения",null
33870_CBM,юл КНЯЗЕВА GMQ,null,['случайный адрес'],"КНДР, сценарий, .,  ., выявления, клиенты"
58390_PRD,юл ТИМУРОВНА ATV,RUS,"., , и, ., уточняющие, Северная Корея, вопросы","Северная Корея, автоматизация, в,  ), ( , В"
38677_VYC,юл РЮРИК RZJ,PRK,"подозрительных,  ), по, бизнес, Северная Корея, ., ",['случайный адрес']
23694_GOK,юл САМОЙЛОВА DQC,null,['случайный адрес'],['случайный адрес']
35618_PQU,юл ДОРОНИНА RNM,PRK,null,['случайный адрес']
44876_JXH,юл ЕРМИЛОВИЧ FRM,USA,['случайный адрес'],['случайный адрес']
26749_PLO,юл СИГИЗМУНД OVO,USA,['случайный адрес'],"регулятора, ( , -, ( , случаях,, КНДР"
46119_BYC,юл ЖУРАВЛЕВ YAL,RUS,['случайный адрес'],['случайный адрес']
16596_TQG,юл ФЕВРОНИЯ JIJ,PRK,null,null
63707_CGO,юл АРКАДЬЕВНА AER,PRK,['случайный адрес'],['случайный адрес']
63548_EKR,юл МАРТЫНОВА XEL,PRK,['случайный адрес'],null
33645_MAH,юл ОРЛОВА SMC,null,['случайный адрес'],['случайный адрес']
49190_HWB,юл РОБЕРТОВНА RRO,null,['случайный адрес'],null
28092_GGU,юл КРЫЛОВ OEB,null,null,['случайный адрес']
49655_PUF,юл ЗАХАРЬЕВИЧ MZQ,RUS,null,"., Иран, на, в, вам, ."
23357_CFD,юл СУВОРОВА THB,RUS,null,"Северная Корея, это,  ., банков, выполнения,  ."
57363_GDB,юл ПЕТРОВА DJV,null,['случайный адрес'],['случайный адрес']
35942_UPV,юл УЛЬЯНА AXI,PRK,['случайный адрес'],"( ,  ), проанализировать, и, КНДР, заказчика."
58258_XLM,юл АГАТА LZK,USA,['случайный адрес'],['случайный адрес']
49654_HKH,юл СВЕТЛАНА RGQ,USA,['случайный адрес'],['случайный адрес']
56293_OLP,юл РУДОЛЬФОВНА XBH,USA,['случайный адрес'],null
29419_XTP,юл РЕГИНА ENA,RUS,"( , по, работе:, каждый, КНДР, ., ",['случайный адрес']
40888_AFR,юл МУРАВЬЕВА OXG,null," ), ( , Потребуется, лишаются, задать, КНДР",null
26971_WPA,юл КОНОНОВ PZJ,null,['случайный адрес'],['случайный адрес']
51732_TVO,юл АННА ICM,RUS,['случайный адрес'],['случайный адрес']
51141_TEN,юл МИЛИЦА INT,null,null,null
16421_LHZ,юл ХАРИТОНОВНА EHZ,IRN,['случайный адрес'],['случайный адрес']
55636_LVZ,юл АЛЕВТИНА MWU,null,['случайный адрес'],null
37627_MKI,юл АНТОНОВИЧ FGH,null,null,['случайный адрес']
48405_CEK,юл ТИМУРОВИЧ KFT,USA,null,null
17660_MRK,юл ТАРАСОВНА SPP,RUS,"их,  ), Северная Корея, клиенты., В,  )",['случайный адрес']
23715_TAC,юл ЕФИМОВНА BUM,IRN,['случайный адрес'],['случайный адрес']
40172_GDU,юл ЕФИМОВА JBV,null,null," ), КНДР, Поэтому, в, вам, ( "
36537_WVA,юл СИЛИНА ULO,RUS,['случайный адрес'],['случайный адрес']
32076_WMB,юл КОМАРОВА KGN,IRN,['случайный адрес'],null
20180_NQM,юл ИЗЯСЛАВ EAS,null,['случайный адрес'],"., , команда,  ), Иран, проверок., банк"
32169_LBG,юл ОРЛОВ OFZ,USA,['случайный адрес'],null
53566_DHW,юл ДАНИЛОВ GQV,null,"Иран, регулятора, которая,  ., автоматизации,  .",null
21545_MAQ,юл СЕЛИВЕРСТОВ YSB,null,null,"по-своему., ., , ., себя, законов., Северная Корея"
21997_USI,юл КОМАРОВА JDD,RUS,['случайный адрес'],['случайный адрес']
64350_AKF,юл ЕЛИЗАВЕТА VKW,PRK,null,['случайный адрес']
48233_VCY,юл СЕРГЕЕВ QVG,USA,['случайный адрес'],['случайный адрес']
20919_QEY,юл ЕФИМЬЕВИЧ QGP,USA,['случайный адрес'],['случайный адрес']
51295_HSK,юл САВЕЛЬЕВА GDA,PRK,"., , ., Северная Корея, сыграет, терроризма,, таких",['случайный адрес']
24625_MML,юл КАПУСТИНА MOL,RUS,['случайный адрес'],"Иран, лишаются, вручную., ., Банкам,  )"
24798_DEP,юл ИГНАТЬЕВА FHA,RUS,['случайный адрес'],null
59621_TDB,юл ДАНИЛОВНА REW,RUS,['случайный адрес'],['случайный адрес']
47532_UWI,юл ИГОРЕВНА UBX,RUS,['случайный адрес'],null
52415_UGA,юл ВАЛЕРИЯ PWX,null,['случайный адрес'],['случайный адрес']
27205_SVP,юл АНТОНИНА XRX,IRN,['случайный адрес'],['случайный адрес']
33754_RWL,юл ПАНОВ YSD,USA,"написать, мероприятии, сложностями, ., Северная Корея,  )",null
50965_MIT,юл СЫСОЕВ OND,USA,['случайный адрес'],['случайный адрес']
56137_JYW,юл ФРОЛОВА YYG,USA,null,['случайный адрес']
44114_ZGJ,юл ВЕРА GDU,RUS,"написать, проводят,  ),  ), КНДР, доходов",['случайный адрес']
30264_WKI,юл ШИРЯЕВ VTU,RUS,['случайный адрес'],null
51727_MXJ,юл РУСЛАН YFC,USA,['случайный адрес'],null
64220_ZUQ,юл ПАВЛОВНА ZLG,null,"раз, Соблюдение, мы,  ), КНДР, ., ",null
61595_DZD,юл СВЕТЛАНА MJY,PRK,['случайный адрес'],['случайный адрес']
29566_ZIC,юл АКУЛИНА OMG,IRN,"пройдя, со, ., , Северная Корея, ( , задать",null
63107_VCX,юл ДАНИЛОВНА WYJ,PRK,null,['случайный адрес']
36812_ADW,юл СЕЛИВЕРСТОВ VAZ,USA,['случайный адрес'],['случайный адрес']
42532_ZBU,юл ЮРЬЕВНА VRY,IRN,['случайный адрес'],['случайный адрес']
60403_GQK,юл ЩУКИН GKQ,RUS,"Иран,  ., которые, закрываются., ., которая",['случайный адрес']
40856_CIR,юл ЕРМАКОВ XRN,USA,null,"., ., , Иран, консультантов-экспертов, эту, -"
45095_NYQ,юл ГЕРТРУДОВИЧ WKX,USA,null,['случайный адрес']
50303_XMO,юл ПАНФИЛ YXH,RUS,null,['случайный адрес']
45972_QGR,юл РУСЛАН HWE,RUS,"в,  ), Потребуется, ., , настроить, Иран",['случайный адрес']
24314_HFC,юл АРХИПОВИЧ QWT,null,null,['случайный адрес']
32630_ZTS,юл АНТОНИНА UHC,USA,null,['случайный адрес']
31109_CEH,юл РОБЕРТОВНА MKV,null,['случайный адрес'],['случайный адрес']
20580_AIB,юл МУРАВЬЕВА WVV,null,['случайный адрес'],"настроить,  ), ( , законов., эту, КНДР"
38540_JLG,юл СИГИЗМУНД NJP,RUS,['случайный адрес'],null
17762_KRE,юл ИЗЯСЛАВ TLA,USA,null,['случайный адрес']
54939_EPJ,юл РОЖКОВА QEL,USA,null,['случайный адрес']
52685_RMP,юл РОЖКОВ AFH,null,"по-своему., Северная Корея, написать, В,  ), .",null
31464_GQL,юл КИРИЛЛ CEN,USA,['случайный адрес'],null
54948_RXM,юл БОЛЬШАКОВА WRU,RUS," ), ведь, узнать,  ), таких, Иран",['случайный адрес']
30816_HOB,юл РУБЕНОВНА LWD,PRK,['случайный адрес'],null
16855_YZH,юл КАПИТОН RVU,null,['случайный адрес'],['случайный адрес']
21036_ZRL,юл АНДРЕЕВИЧ CJK,IRN,null,"мероприятии, ., Северная Корея, ГлоуБайта,, регулятора, ., "
62773_HZW,юл АНТОНОВИЧ YWF,null,null,['случайный адрес']
57743_CJJ,юл ВИТАЛЬЕВИЧ YQQ,RUS,"соблюдения,  ., на,  ), КНДР, важно",null
20242_HSA,юл ИЛЬИНА ZFS,USA,['случайный адрес'],null
31387_VKA,юл ВАСИЛЬЕВНА BQP,null,['случайный адрес'],"вопросы, Северная Корея, которая, ., , не, ., "
20801_WUZ,юл АРСЕНОВИЧ CJY,null,null,null
18442_XTV,юл ФЕВРОНИЯ ANU,null,['случайный адрес'],['случайный адрес']
38038_XUF,юл АРХИПОВНА VMF,USA,['случайный адрес'],null
21027_UFE,юл БОГДАНОВНА EWU,RUS,null,['случайный адрес']
50079_GTT,юл ВОРОНОВ TJL,USA,null,['случайный адрес']
31981_RDC,юл МИЛИЦА PZH,null,"его., ., , соблюдения, ., занимаются, КНДР",null
34634_QBU,юл НИКИФОРОВ KKD,null,['случайный адрес'],null
60226_AJD,юл ИСАЙ ZGL,USA,null,null
48196_XIK,юл НИКОЛАЕВНА JRL,PRK,['случайный адрес'],"КНДР, трактует, ежедневно, операций,,  ), ( "
30424_FUW,юл ХАРЛАМОВИЧ MWZ,RUS,null,null
51723_JNH,юл ПАНОВ RSS,USA,"роль, законов, КНДР, справиться, ( ,  .","Иран,  ., которая, формате, тематике,  ."
25055_EXY,юл РОБЕРТОВНА BOB,IRN,['случайный адрес'],null
63789_ZHW,юл РУСЛАН MJP,RUS,['случайный адрес'],['случайный адрес']
53807_UMB,юл ПЕТРОВА ANJ,PRK,null,['случайный адрес']
54146_TFR,юл БЕНЕДИКТОВИЧ RDX,RUS,null,"выполнения, ., , если, Иран, всем, ."
47360_RKV,юл ФАИНА PGN,USA,['случайный адрес'],"в, Иран, регулятора,  ), важно, ., "
32309_OCK,юл ХАРИТОНОВНА WDI,PRK,null,"КНДР, вам, ., , многоуровневый,  ), этот"
47380_GDJ,юл ВАЛЕРИАНОВИЧ LGI,RUS,null,"., , Иран, банки, выявления, тебя, ., "
43061_TGJ,юл МАТВЕЕВНА MZH,null,"Потребуется, ., , автоматизация, тебя,  ), Северная Корея",['случайный адрес']
28862_QJR,юл АЛЕКСЕЕВИЧ YHW,null,['случайный адрес'],['случайный адрес']
22565_MQY,юл ДРОЗДОВ NLE,null,"Северная Корея, ГлоуБайта,, ., примерить, ., , Но",['случайный адрес']
22736_IPQ,юл РОБЕРТОВНА TDW,USA,"клиенты, хакатоне, Северная Корея, ( , ., , в"," ., и, ., Северная Корея, законов., закрываются."
59571_QMS,юл ПЕТРОВА BDF,RUS,null,null
44633_QDB,юл ИГНАТЬЕВА MEM,USA,['случайный адрес'],['случайный адрес']
39603_AZD,юл ФЕДОСЬЕВИЧ ZYB,PRK,null,['случайный адрес']
44143_GNK,юл КУЗЬМИНИЧНА ZOL,null,['случайный адрес'],['случайный адрес']
43325_JYS,юл СЫСОЕВ VWD,null,null,null
46990_OPS,юл ТАРАСОВНА FHV,RUS,['случайный адрес'],"., Северная Корея, ведь, Поэтому, банком, ."
