operation_id,client_id,operation_amount,currency,operation_status,counterparty_bank_country_code,payment_purpose,location,exchange_rate
33340_XQL,22341_LTO,208871,RUB,ожидается,USA,"задание,, сценарий,  ), ( , пресекает, предоставление займа",['случайный адрес'],null
30933_FXD,25747_MCY,175522,RUB,ожидается,PRK," ), ., Но, платеж по кредиту, пресекает, автоматизация",null,null
49851_DSJ,22565_MQY,316090,RUB,завершена,USA," ), ( , банков, задание,, всем, погашение займа",['случайный адрес'],null
65329_LUG,20547_RJO,1042,EUR,завершена,RUS,"., , кредит, ., проходят, и, примерить",['случайный адрес'],99.00
50383_QGP,30210_NXP,372681,RUB,завершена,null,"получение кредита, ., ( , сценарий, деятельность, по-своему.",['случайный адрес'],null
52952_SHY,54146_TFR,219586,RUB,завершена,USA,"по, погашение займа, проводят, ., , нехорошими,  )",['случайный адрес'],null
54428_AWW,49776_VPI,3629,USD,ожидается,RUS,['дефолтная цель платежа'],['случайный адрес'],91.53
61450_FPE,60226_AJD,4592458,RUB,ожидается,USA,"., каждый, В, эту,  ., займ","( , ( , -, Северная Корея, Через, задача,",null
54082_KQU,41191_SJB,4533908,RUB,ожидается,null,"В,  ., вам, кредит, ., , которая",null,null
30869_UGK,34594_RWN,10421,USD,отклонена,PRK,"выявления, по, получение кредита, ., ., , В",null,89.23
45598_GQB,43325_JYS,389913,RUB,отклонена,USA,"иными, этот, его., ., , получение кредита, ( ",['случайный адрес'],null
40902_XAJ,44050_SLA,2836,USD,завершена,USA,"команда, ( , займ,  ., поможет, банки","формате, себя,  ., ., Северная Корея, выявления",90.30
42017_IKV,41600_IZO,4109,USD,завершена,null,['дефолтная цель платежа'],['случайный адрес'],100.68
46731_KOE,48405_CEK,5887909,RUB,завершена,IRN,"На, всем, ., ( , займ, техническое",null,null
60919_MZB,23003_ISO,32477,USD,завершена,null,"банки, ., , ., , Рады, sql-запроса, предоставление займа","роль, Северная Корея, банки, банков, ( ,  .",107.70
54957_PAF,30114_YGI,9817,EUR,завершена,null,['дефолтная цель платежа'],"трактует, Северная Корея, лишаются, непростая, ., , ( ",101.77
61632_XYK,30494_QVB,283353,RUB,ожидается,USA,"сценарий, и,  ., Потребуется,  ), получение кредита",['случайный адрес'],null
49182_HST,21036_ZRL,78949,RUB,завершена,RUS,"терроризма,,  ), ведь,  ., платеж по кредиту, отмыванием","Иран, по-своему., жизненно, приветствовать, .,  .",null
26263_LKQ,23101_NDE,131669,RUB,отклонена,RUS,['дефолтная цель платежа'],['случайный адрес'],null
38991_NDC,34075_GLS,229780,RUB,завершена,RUS,"если, В,  ., ., погашение займа, ПОД/ФТ",null,null
17993_CXZ,25449_XUM,362518,RUB,завершена,USA,"команда, на, ( , ., регулятора, кредит",null,null
48022_EIP,63617_HYQ,102080,RUB,завершена,IRN,['дефолтная цель платежа'],null,null
23235_TQQ,60732_MWB,4085834,RUB,ожидается,RUS,"., примерить, ведь, займ,  ., проходим",['случайный адрес'],null
35745_ILY,32169_LBG,1662,USD,отклонена,null,['дефолтная цель платежа'],null,89.65
43645_GGY,63107_VCX,63892,RUB,завершена,null,['дефолтная цель платежа'],['случайный адрес'],null
22010_DPB,31631_TBI,254863,RUB,завершена,RUS,"проводят, ., , ., , задать, какие, предоставление займа","на, ., ,  ., шагам,, Иран, банк",null
23990_RRE,51732_TVO,385767,RUB,завершена,null,"со,  ., выявления, ., , на, получение кредита",null,null
64235_ADA,21545_MAQ,1577,USD,завершена,null,"Соблюдение,  ., выявления, получение кредита, приветствовать,  )",['случайный адрес'],94.19
25668_MJN,63548_EKR,2425,USD,завершена,USA,['дефолтная цель платежа'],['случайный адрес'],99.95
39212_VGJ,64924_VWC,84138,RUB,завершена,null,['дефолтная цель платежа'],"., операции, проанализировать, важно, КНДР, .",null
36824_TWT,23891_TCA,4266206,RUB,отклонена,null,"., ., доходов, задать, погашение займа, требований",['случайный адрес'],null
38867_DXI,35597_FRK,5603341,RUB,завершена,USA,['дефолтная цель платежа'],null,null
46224_LNG,30712_EFB,1705,USD,завершена,USA,"., , займ, справиться, раз, ., операций,",null,104.16
29941_ZQM,30757_NQQ,183612,RUB,ожидается,RUS," ., на,  ., клиенты, реструктуризация займа, всем","Северная Корея, ( , настроить, в, этот, .",null
50535_NBW,60967_DBB,1231,EUR,отклонена,null,"ПОД/ФТ, ., , платеж по кредиту, и, терроризма,,  .","., , Северная Корея, соблюдения, нехорошими, предстоит, .",96.30
48033_EEU,65340_RUU,3447837,RUB,завершена,null,"сценарий, ( , Это, операций,, предоставление займа,  .",['случайный адрес'],null
39210_XRC,33930_RUS,3851,USD,завершена,PRK,"платеж по кредиту, работе:, занимаются, ., , ., всем",null,96.59
47589_TAW,24798_DEP,3164332,RUB,завершена,IRN,"., ., мы, платеж по кредиту, банки, вручную.","., непростая, КНДР, ( , требований, выявления",null
22781_ABJ,58853_DRX,162170,RUB,завершена,null,['дефолтная цель платежа'],['случайный адрес'],null
45099_XEY,58327_GIX,353231,RUB,завершена,RUS,['дефолтная цель платежа'],['случайный адрес'],null
63700_AUS,55837_NBN,3566659,RUB,завершена,IRN,"каждый, займ, в, .,  ., Потребуется",['случайный адрес'],null
62047_RFG,36537_WVA,976472,RUB,отклонена,RUS,"это, ., , платеж по кредиту, волнуйтесь,, требований, .",['случайный адрес'],null
46035_XIV,41251_HUM,2881683,RUB,завершена,USA," .,  ), трактует, проверок., платеж по кредиту, протестировать",null,null
37284_ODR,40888_AFR,130794,RUB,завершена,PRK,['дефолтная цель платежа'],null,null
20786_BFN,33743_MGJ,2178089,RUB,завершена,null,['дефолтная цель платежа'],['случайный адрес'],null
36062_BKW,42532_ZBU,5789600,RUB,завершена,RUS,"реструктуризация займа, которые, деятельность, и,  ), .",['случайный адрес'],null
19312_WUI,57743_CJJ,357677,RUB,завершена,null,['дефолтная цель платежа'],['случайный адрес'],null
62965_CLJ,60226_AJD,123678,RUB,ожидается,PRK,"команда, ., , погашение займа,  ), для, в","мероприятии, Это, ., мы,  ), Иран",null
23926_HUT,25055_EXY,230705,RUB,завершена,PRK,"займ, миллионы, ( , которые,  ., для","заказчику,, ( , Северная Корея, В, жизненно, ( ",null
17864_GJZ,53165_WKY,11501,USD,завершена,USA,['дефолтная цель платежа'],['случайный адрес'],91.27
58849_ZUT,21027_UFE,375780,RUB,завершена,null," ), погашение займа, шагам,, по,  ., пресекает",['случайный адрес'],null
23551_OUD,44143_GNK,1440015,RUB,завершена,USA,"раз, погашение займа, непростая, ( , предстоит, .","в, Через, Северная Корея, ., , или,  )",null
60761_YAO,61250_VKU,3770,USD,отклонена,null,"погашение займа, ( , клиенты, -, по, ( ",null,102.23
27155_QSA,26971_WPA,3728,EUR,завершена,null,"Это,  ., раз, погашение займа,  ., этот",['случайный адрес'],90.55
64912_ITJ,26847_ROY,257934,RUB,ожидается,null," ), ( , мы, получение кредита, выявления, банк",['случайный адрес'],null
32369_THF,23891_TCA,292823,RUB,завершена,PRK,['дефолтная цель платежа'],null,null
50200_ZKY,52685_RMP,130792,RUB,ожидается,PRK,"кредит, клиенты., проверок.,  ), ., , выполнения",null,null
27816_ZDH,53165_WKY,1736,EUR,ожидается,RUS,"формате, на, ( , ., сценарий, предоставление займа",['случайный адрес'],96.40
52553_BGV,60304_UDB,1533172,RUB,отклонена,null,['дефолтная цель платежа'],['случайный адрес'],null
26878_KXL,44143_GNK,140596,RUB,завершена,RUS,"занимаются, не, ., , отмыванием, кредит, ., ",['случайный адрес'],null
38075_TPN,48727_GYH,322136,RUB,завершена,RUS,"., , реструктуризация займа, сценарий, вручную., требуется, .",null,null
53074_QKP,64350_AKF,1426,EUR,завершена,RUS,"платеж по кредиту, операции, задание,, ., , вам, ( ",['случайный адрес'],102.40
44326_BRD,23715_TAC,2105621,RUB,завершена,RUS,"регулятора, ( ,  ), законов., подозрительных, платеж по кредиту",['случайный адрес'],null
46665_HWY,40888_AFR,2007,EUR,завершена,USA,['дефолтная цель платежа'],null,101.72
31578_KVI,31394_HKX,44745,USD,завершена,RUS,"терроризма,, на, платеж по кредиту, ., многоуровневый, ., ",null,96.04
42929_LGY,46119_BYC,4539265,RUB,завершена,USA,"требования, операций,, ( , получение кредита,  ), Соблюдение",['случайный адрес'],null
57655_DUC,44876_JXH,250151,RUB,завершена,null,"вопросы, ., ведь, погашение займа, банк, .",null,null
28472_CLI,44461_RBQ,5415846,RUB,ожидается,RUS,"( , команда, банки, проводят, получение кредита, ( ",null,null
28599_DJU,53566_DHW,336623,RUB,завершена,RUS,"проанализировать, ., непростая, Поэтому, погашение займа, .",null,null
58358_LMW,19231_TYG,26526,EUR,завершена,IRN,"клиенты., заказчику,,  ., по-своему., ., , реструктуризация займа",['случайный адрес'],98.49
59461_CUH,39667_RQC,295344,RUB,завершена,null,"раз, это, требуется, предоставление займа,  ., ., ",['случайный адрес'],null
44704_SPF,50965_MIT,1222174,RUB,завершена,USA,"., , проходят, вручную., Поэтому, кредит, .",['случайный адрес'],null
42308_WDS,38540_JLG,1424245,RUB,завершена,null,['дефолтная цель платежа'],['случайный адрес'],null
18297_ZKB,40644_TRH,1722969,RUB,завершена,PRK,"вам, ., ,  ., ГлоуБайта,, платеж по кредиту, банком",['случайный адрес'],null
64709_HVE,20049_OMY,151674,RUB,ожидается,null,"-, ., это, получение кредита, заказчику,,  )",['случайный адрес'],null
56630_YWO,43877_YAQ,1383197,RUB,завершена,null,"отмыванием, платеж по кредиту, роль, ( , ., автоматизации","Северная Корея, узнать, себя, на, ., ,  .",null
29315_OCC,56919_JNR,181706,RUB,отклонена,RUS,['дефолтная цель платежа'],['случайный адрес'],null
45847_UDB,44114_ZGJ,2549175,RUB,ожидается,null," ., в, миллионы, получение кредита, заказчику,,  .",['случайный адрес'],null
55194_UFF,18466_KYU,327725,RUB,отклонена,USA,['дефолтная цель платежа'],"уточняющие, .,  ., КНДР, не, заказчика.",null
44535_KRY,58390_PRD,320590,RUB,завершена,USA,"автоматизация,  ., мы, вам, ., , займ","-,  ), Иран, команда, ., операции",null
41866_CPX,33870_CBM,3154496,RUB,ожидается,USA,"( , законов, ., законов., кредит, настроить",['случайный адрес'],null
16675_BZF,53807_UMB,249133,RUB,завершена,null,['дефолтная цель платежа'],['случайный адрес'],null
62569_QVC,52125_QOA,797,EUR,отклонена,RUS,['дефолтная цель платежа'],['случайный адрес'],88.06
30460_WVD,23694_GOK,91804,RUB,завершена,IRN,['дефолтная цель платежа'],['случайный адрес'],null
29870_YBY,59720_NUR,807,EUR,завершена,RUS,"предоставление займа, нехорошими, ., , по-своему., консультантов-экспертов, .","( , занимаются, этот, терроризма,, Иран, .",100.87
34625_LSM,55002_BGH,80986,RUB,завершена,RUS,['дефолтная цель платежа'],['случайный адрес'],null
62505_JLJ,20721_VXZ,340023,RUB,завершена,null,['дефолтная цель платежа'],['случайный адрес'],null
20484_XHL,33754_RWL,328761,RUB,завершена,RUS,"со, ., , на, ., кредит, раз","по-своему., Северная Корея, тематике,  ), законов., .",null
54221_DPQ,62378_LXO,380380,RUB,завершена,null,"( , платеж по кредиту, задать, ., , проходим, сыграет","Банкам, -, ., деятельность, ., , КНДР",null
23052_QMW,31319_YTF,757,EUR,завершена,null,"( , банков, справиться, платеж по кредиту, выявления,  .",['случайный адрес'],101.48
51569_MCJ,51141_TEN,51604,EUR,завершена,PRK,"роль, предоставление займа, заказчика., ( ,  ., занимаются",null,99.74
28636_KQU,18487_VNT,1042515,RUB,отклонена,RUS,"., , ( , в, предоставление займа, банки, формате",['случайный адрес'],null
40356_GZO,47360_RKV,5176328,RUB,завершена,RUS,"., , погашение займа,  ., волнуйтесь,, не, или",['случайный адрес'],null
37747_AJS,50079_GTT,2029,USD,завершена,PRK,"если, реструктуризация займа,  ), законов, ., , заказчику,",['случайный адрес'],88.97
29299_MUI,62773_HZW,58259,USD,ожидается,RUS,"раз,  ), и, операции,  ), платеж по кредиту","иными, ., , Иран, сыграет,  ., это",85.33
46370_OIH,46098_KVH,116999,RUB,завершена,IRN,"справиться, себя, кредит,  ., проводят, ., ",null,null
23852_APA,59720_NUR,1043,USD,ожидается,RUS,['дефолтная цель платежа'],null,95.43
33577_VHV,32309_OCK,128838,RUB,завершена,null,"( , займ, ., , терроризма,, регулятора, проходят",['случайный адрес'],null
60339_MJP,46990_OPS,1596050,RUB,завершена,null,"вручную.,  ., роль, поможет, получение кредита,  )","( , которая, шагам,, ., Северная Корея, нехорошими",null
48462_GEG,46455_VQG,398951,RUB,завершена,USA,['дефолтная цель платежа'],null,null
50968_GNU,35618_PQU,24422,USD,ожидается,USA,"платеж по кредиту, техническое,  ), в, вопросы, ( ",['случайный адрес'],99.85
58268_TTY,63309_CRO,3473,USD,завершена,null,"предоставление займа, подозрительных, требуется, ., , по, ., ",null,93.83
36923_OZK,56293_OLP,729,EUR,ожидается,null,['дефолтная цель платежа'],['случайный адрес'],91.91
55507_YZE,16855_YZH,158896,RUB,завершена,USA,['дефолтная цель платежа'],null,null
41853_GIT,33743_MGJ,1021,EUR,завершена,null,"требований, ., погашение займа, ( , которые, шагам,"," ., в, Северная Корея, ., банк, задача,",99.56
56446_JPS,51389_NOI,4068,USD,завершена,null,"банком, кредит, ( ,  ), уточняющие, приветствовать","Иран, Но, ., ., , нехорошими, проходим",89.33
42109_JOD,55082_KMW,791,USD,завершена,PRK,"реструктуризация займа, соблюдения, предстоит, ( , ( , автоматизации",['случайный адрес'],95.73
54853_YVV,28862_QJR,303703,RUB,завершена,IRN,"( ,  ., получение кредита, вам, сыграет, выполнения",['случайный адрес'],null
23870_ZOE,32169_LBG,153395,RUB,отклонена,RUS,"получение кредита, роль, ( , этот, со, ., "," ., его., Иран, вопросы, ( , задание,",null
39185_ABP,22736_IPQ,3096,EUR,завершена,USA,"лицензий, сыграет, займ, ., в, ( ",['случайный адрес'],110.46
39451_AMI,33880_ZPT,367063,RUB,завершена,USA,"требования, ., , ., , протестировать, получение кредита, закрываются.",null,null
46390_PUI,31109_CEH,58439,USD,завершена,USA,"выявления,  ), заказчику,, ., , Поэтому, займ","требований, КНДР,  .,  ., вам, отмыванием",94.87
56843_EUW,49502_BMX,4683251,RUB,завершена,RUS,"кредит, по-своему., пресекает, ( , сценарий,  .",['случайный адрес'],null
27690_BDS,32169_LBG,173790,RUB,завершена,USA,"., проанализировать, ведь, кредит, отмыванием, .",['случайный адрес'],null
60528_DCN,39910_BJY,2323623,RUB,завершена,PRK,"., , экспертов,  ), В, Это, предоставление займа",null,null
62651_JBS,30318_WHY,389206,RUB,завершена,null,"., , законов, ., займ, уточняющие, заказчика.","деятельность, ( , сыграет, КНДР, лишаются, ., ",null
35877_RPI,45972_QGR,1043,EUR,отклонена,PRK,['дефолтная цель платежа'],"КНДР, ., банки, по-своему., ., проверок.",98.36
56654_IZT,54695_OBN,223174,RUB,завершена,RUS,"реструктуризация займа, по, команда,  .,  ), проходим",null,null
55061_LQM,29415_OPB,168167,RUB,завершена,RUS,"реструктуризация займа, этот, ., доходов, таких,  )","задача,, многоуровневый, ., ., роль, Северная Корея",null
21938_ISO,61060_HMI,1244318,RUB,отклонена,null,"( , операции, предоставление займа,  ), по, пройдя","-,  ),  ., написать, банки, Северная Корея",null
60431_XPJ,23569_IMJ,4814480,RUB,завершена,null,['дефолтная цель платежа'],"поможет,  ., Северная Корея, лицензий, на,  )",null
25162_RVJ,40084_VIA,3252920,RUB,отклонена,PRK,['дефолтная цель платежа'],"в, .,  ), вопросы, Иран, случаях,",null
36908_THE,16596_TQG,4935424,RUB,отклонена,RUS,"займ, их, непростая, ., экспертов, ., ",null,null
24108_ASO,20049_OMY,263385,RUB,завершена,RUS,['дефолтная цель платежа'],['случайный адрес'],null
32019_WUO,43325_JYS,237573,RUB,завершена,IRN,['дефолтная цель платежа'],"Северная Корея, на, В, узнать,  ., .",null
36397_EIV,33603_GSH,2914825,RUB,ожидается,PRK,"вручную., ., ,  ), пресекает, банки, платеж по кредиту",['случайный адрес'],null
24048_PQC,30816_HOB,68396,RUB,завершена,USA," ), этот,  ., банков, предоставление займа, экспертов","Северная Корея, вам, техническое, закрываются., ( , ( ",null
28380_MIC,34594_RWN,40031,USD,завершена,null,['дефолтная цель платежа'],['случайный адрес'],90.41
40848_JIQ,53173_XJY,62715,RUB,завершена,IRN,"клиенты.,  ., реструктуризация займа, операций,, ( , операции",null,null
61829_ZVR,16421_LHZ,107037,RUB,завершена,RUS,"займ, многоуровневый, нехорошими, проверок., ., ( ",['случайный адрес'],null
25648_SIA,65207_PYO,12037,USD,завершена,null,"ГлоуБайта,, отмыванием, платеж по кредиту, деятельность, ., ., ",['случайный адрес'],87.22
49861_FSJ,53173_XJY,64242,RUB,ожидается,null," ),  ., занимаются, команда, по, займ",['случайный адрес'],null
41842_USB,44035_XEA,1583,USD,завершена,RUS,"реструктуризация займа, ., ( , нехорошими, тебя, выявления",null,88.03
43793_LKE,63548_EKR,194010,RUB,завершена,RUS,"-, ., , поможет, сценарий,  ., займ",null,null
55471_KWJ,34601_TEO,1091,USD,завершена,RUS,"справиться, это, занимаются, предоставление займа, .,  )",null,94.81
25419_JVU,34634_QBU,272273,RUB,отклонена,RUS,['дефолтная цель платежа'],['случайный адрес'],null
54054_PTF,51727_MXJ,328236,RUB,завершена,null,['дефолтная цель платежа'],null,null
41530_LUA,21997_USI,398936,RUB,завершена,null,"банком,  ., шагам,, тематике,  ), платеж по кредиту",null,null
44108_AGC,22524_URM,36907,USD,завершена,RUS,"трактует, ., займ,  ., которые, автоматизация",['случайный адрес'],87.49
28557_IXE,58853_DRX,3950847,RUB,завершена,null,"консультантов-экспертов, на,  .,  ., предоставление займа, подозрительных",['случайный адрес'],null
48278_BYZ,64220_ZUQ,1587,USD,отклонена,USA,"не, таких, предоставление займа, .,  ., хакатоне",['случайный адрес'],92.68
58032_IZX,63548_EKR,2554206,RUB,ожидается,RUS,['дефолтная цель платежа'],['случайный адрес'],null
51601_SLQ,52562_JVW,85730,RUB,завершена,USA,"предоставление займа, ., ,  ), узнать, требований, терроризма,",null,null
61828_PLB,63617_HYQ,101707,RUB,завершена,null,"., , поможет, сценарий, ., , платеж по кредиту, финансированием","вручную., КНДР, ., , Рады, проходят, .",null
58671_IZK,56137_JYW,2450,USD,завершена,null,"операции, ежедневно, ., займ, проходят, ., ",['случайный адрес'],87.44
27737_OYO,26749_PLO,258621,RUB,отклонена,null," ., погашение займа, лицензий, сценарий,  ), роль","пройдя, ., , Северная Корея, sql-запроса,  ), Это",null
52750_RHC,17660_MRK,2043,USD,отклонена,PRK,"лицензий, случаях,, займ, ., ,  ), каждый",['случайный адрес'],95.28
27319_KOM,58327_GIX,184515,RUB,завершена,USA,['дефолтная цель платежа'],['случайный адрес'],null
48473_BAC,42559_LJX,87989,RUB,завершена,RUS,"кредит, трактует,  ), выполнения, требуется, .",['случайный адрес'],null
35313_VQM,20801_WUZ,137768,RUB,завершена,USA,['дефолтная цель платежа'],['случайный адрес'],null
25578_CFQ,51706_FPV,4420768,RUB,завершена,RUS,['дефолтная цель платежа'],"., , ( , Северная Корея, на, В, Но",null
28645_ZMD,47360_RKV,144162,RUB,завершена,null,"работе:,  ), платеж по кредиту, создать, ( , не",null,null
37000_UMX,63548_EKR,3243,EUR,завершена,null,"платеж по кредиту, законов., настроить, ( , этот, ., ","лицензий,  ), Это, шагам,, КНДР, ., ",108.19
45940_GQK,29566_ZIC,347001,RUB,отклонена,RUS,"не, ., , лишаются,  ., выполнения, платеж по кредиту",['случайный адрес'],null
56977_JJE,51723_JNH,4318507,RUB,ожидается,null,['дефолтная цель платежа'],null,null
19897_BLG,62346_IGD,1030,EUR,завершена,RUS,['дефолтная цель платежа'],['случайный адрес'],108.87
39913_VOD,63707_CGO,4081937,RUB,завершена,RUS," ., автоматизации, предоставление займа, пройдя,  ., делами,","( , банки, эту, Иран, автоматизации, ., ",null
17012_SCR,27599_DDM,304678,RUB,завершена,null,"получение кредита, создать, со, ., ,  ), проходим","тематике, Северная Корея, ., проходим, клиенты.,  .",null
48143_VKT,22081_CTG,235257,RUB,завершена,PRK,['дефолтная цель платежа'],null,null
25331_FBK,27599_DDM,4345672,RUB,завершена,IRN," ., кредит, ( , проанализировать, проходят, ежедневно",['случайный адрес'],null
29171_NZR,39603_AZD,330513,RUB,ожидается,PRK,"на, платеж по кредиту, техническое, ., роль, ( ",['случайный адрес'],null
41546_YOG,20801_WUZ,89589,RUB,завершена,IRN,"приветствовать, ., займ, ( , проходим, мероприятии",null,null
53187_HKW,19471_RIM,217352,RUB,завершена,RUS,"Потребуется, по, ( , займ, этот,  .",null,null
49508_AON,45823_NDJ,147654,RUB,завершена,RUS,"сценарий, выполнения, ( , займ, ( , требований",null,null
59183_OZD,26400_GHP,5084685,RUB,завершена,IRN,"кредит, команда, сыграет, ., , предстоит, ., ",null,null
48822_YLY,42674_HMK,2624,EUR,завершена,RUS,"Потребуется,  ., на, банки, ., предоставление займа",['случайный адрес'],97.17
43197_EFF,38443_IDZ,98538,RUB,завершена,USA,"., , банки, ., кредит, роль, этом",['случайный адрес'],null
61256_BCR,33645_MAH,331523,RUB,завершена,RUS,['дефолтная цель платежа'],"регулятора, ( , КНДР, эту, многоуровневый, .",null
48609_FVD,25528_QBS,234599,RUB,отклонена,RUS,['дефолтная цель платежа'],['случайный адрес'],null
43622_PIS,35942_UPV,156333,RUB,завершена,RUS,"со,  ), банк, трактует,  ., реструктуризация займа",['случайный адрес'],null
62923_UCO,60732_MWB,256282,RUB,завершена,RUS,['дефолтная цель платежа'],"КНДР,  ), этот, мероприятии, ( , Это",null
45472_OWN,20801_WUZ,272752,RUB,завершена,PRK,"В, ( ,  ), операций,, вам, платеж по кредиту","., , этот, проверок., формате, КНДР, ., ",null
48411_XAS,28092_GGU,2725,USD,завершена,USA,"закрываются., по, ., -, платеж по кредиту, ., ","Северная Корея, иными, по,  ), и,  )",99.25
27345_PUC,41393_JLH,254684,RUB,завершена,null,"роль, банки, платеж по кредиту,  ), ., нехорошими",null,null
21801_DOP,54626_AKM,381614,RUB,завершена,RUS,['дефолтная цель платежа'],['случайный адрес'],null
53437_ZCC,23891_TCA,364140,RUB,отклонена,null,"., , платеж по кредиту,  ., требований, доходов, их",['случайный адрес'],null
18406_UUW,23082_ELS,301964,RUB,завершена,USA,"консультантов-экспертов, ., и,  ., которые, получение кредита",null,null
30836_WWG,54939_EPJ,309532,RUB,отклонена,null,['дефолтная цель платежа'],null,null
35526_ROM,30424_FUW,2173468,RUB,завершена,IRN,"команда,  ), автоматизации, сценарий, получение кредита, .",['случайный адрес'],null
18526_EKQ,25534_PZS,144812,RUB,завершена,IRN,['дефолтная цель платежа'],['случайный адрес'],null
34396_RKK,32427_XLX,31323,EUR,завершена,null,"эту, ( , Но,  ., кредит, важно",['случайный адрес'],95.81
31119_WRB,63707_CGO,166697,RUB,завершена,USA,"раз, всем, погашение займа, ., , банки, .",['случайный адрес'],null
51616_MGJ,54221_WGP,18516,USD,завершена,IRN,"Через, ( , -, предоставление займа, автоматизации, .","Рады, ., , какие, КНДР, ., деятельность",89.97
35302_IUI,60980_OGM,54527,EUR,завершена,RUS,['дефолтная цель платежа'],null,95.67
27407_VWR,37636_YAW,274818,RUB,отклонена,RUS,['дефолтная цель платежа'],['случайный адрес'],null
46355_ZFH,60304_UDB,1985116,RUB,завершена,null,"выполнения, проанализировать, ., ., , законов., предоставление займа",['случайный адрес'],null
53454_TUI,51574_ZGW,345114,RUB,завершена,RUS,"каждый, займ,  ), регулятора, ., в",['случайный адрес'],null
65045_SPC,31640_XNR,239957,RUB,завершена,null,"невозможно, ., , банк,  ), кредит, отмыванием",null,null
48844_LXK,37057_UXM,136927,RUB,завершена,RUS,['дефолтная цель платежа'],['случайный адрес'],null
52410_MNJ,22722_JOL,272245,RUB,завершена,RUS,"предоставление займа,  ., и, вручную., ., , жизненно",['случайный адрес'],null
49860_BUB,57582_HBU,16610,USD,завершена,IRN," ., на, проводят, предоставление займа,  ), нехорошими",['случайный адрес'],101.94
23803_SKU,42312_FBY,2360,EUR,отклонена,RUS,"себя, ., банк, ., , получение кредита, автоматизации","задание,, подозрительных,  ), ., Северная Корея, узнать",98.35
53917_NOE,37006_ILI,3603,EUR,ожидается,USA,"их, каждый, регулятора, получение кредита, ( , ., ","миллионы, автоматизации,  ., Иран, ., банк",104.49
23868_WFB,49776_VPI,4681377,RUB,завершена,RUS," ), операций,, роль, команда, ., , получение кредита"," ), Рады,  ), КНДР, по-своему., клиенты.",null
33940_ABJ,18442_XTV,2689,EUR,отклонена,RUS," ., ., реструктуризация займа, лицензий, делами,, вам",['случайный адрес'],95.89
51977_FJM,48196_XIK,145581,RUB,завершена,PRK,"а, Через,  ), автоматизация, ( , погашение займа","проходят, законов., ( , эту, Северная Корея, ( ",null
40426_KXR,38682_HFI,145028,RUB,завершена,null,['дефолтная цель платежа'],null,null
51907_GML,31464_GQL,331315,RUB,завершена,USA,['дефолтная цель платежа'],['случайный адрес'],null
19110_YMO,31387_VKA,74587,RUB,отклонена,null,"банк, получение кредита,  ), ., операции, Рады",['случайный адрес'],null
63503_IVG,43325_JYS,163265,RUB,завершена,USA," ., банк, кредит, ( , операции, в",['случайный адрес'],null
45309_VCA,32630_ZTS,337594,RUB,завершена,IRN,"( , протестировать, проводят, не, ( , реструктуризация займа","., , этом, ., , Иран, на, отмыванием",null
52189_BWU,49101_TBY,1891458,RUB,завершена,null,['дефолтная цель платежа'],"Но,  ), Иран,  ), себя, важно",null
30706_FFF,33719_OWZ,130053,RUB,завершена,RUS,['дефолтная цель платежа'],null,null
44246_FQN,26573_GXB,354349,RUB,завершена,null,['дефолтная цель платежа'],['случайный адрес'],null
23095_WZR,57743_CJJ,281483,RUB,завершена,PRK,"которые, по-своему., роль, ( , погашение займа, ( ",['случайный адрес'],null
64617_MDE,26868_EGK,255078,RUB,завершена,RUS,"себя, ., , Соблюдение,  ), платеж по кредиту, поможет",['случайный адрес'],null
59223_UFP,52097_QLY,192324,RUB,завершена,null,"в, невозможно, реструктуризация займа, ., , ., , мы","., , регулятора, задача,, Иран,  ., лицензий",null
32606_YSS,63789_ZHW,224929,RUB,завершена,null,['дефолтная цель платежа'],['случайный адрес'],null
35894_HXW,44080_XTE,42059,USD,завершена,USA," ., реструктуризация займа, выполнения, ., требований, операций,",null,95.29
18496_LFH,20180_NQM,3147355,RUB,отклонена,null,['дефолтная цель платежа'],['случайный адрес'],null
45857_NQP,20580_AIB,3681,USD,завершена,null,"написать, ., ( , кредит, случаях,, вручную.","КНДР, ., протестировать,  ), регулятора, многоуровневый",96.85
33607_AZZ,17762_KRE,32557,EUR,завершена,USA,"вам, платеж по кредиту, .,  ), тематике, на",['случайный адрес'],103.20
39228_VOP,47380_GDJ,4117457,RUB,завершена,null,"Поэтому,  ., автоматизации, ., , предоставление займа, в",null,null
22084_HRM,23694_GOK,1094,USD,завершена,IRN,['дефолтная цель платежа'],['случайный адрес'],90.17
45158_IHI,37627_MKI,255826,RUB,завершена,RUS,"клиенты.,  ., эту, ( , создать, получение кредита",null,null
24077_HRY,45972_QGR,264519,RUB,завершена,null,['дефолтная цель платежа'],['случайный адрес'],null
31912_QEN,21063_WXU,78968,RUB,завершена,RUS,"проверок., ( , реструктуризация займа, вам, протестировать, ( ",['случайный адрес'],null
30138_GBW,31981_RDC,2463,EUR,отклонена,null,['дефолтная цель платежа'],null,105.01
64724_VKI,61595_DZD,158052,RUB,завершена,USA,"операции, проводят, роль, займ, .,  .","каждый, ., , ( , миллионы, Северная Корея, -",null
54914_DAM,46455_VQG,2658,EUR,отклонена,PRK,['дефолтная цель платежа'],['случайный адрес'],98.46
61547_HXK,52884_DFK,2142083,RUB,завершена,PRK,"предоставление займа, ( , ., предстоит, регулятора, Через","это, делами,,  ), Иран, таких, .",null
39362_TPZ,51526_UKR,3017,USD,завершена,null," ., реструктуризация займа, пройдя,  ., невозможно, не",['случайный адрес'],91.67
62963_VIS,51060_ETH,1803906,RUB,завершена,null,"., -, получение кредита, эту, требования, .",['случайный адрес'],null
56378_RQM,65340_RUU,255834,RUB,отклонена,RUS,['дефолтная цель платежа'],['случайный адрес'],null
57853_YJH,20801_WUZ,204016,RUB,отклонена,null,"Через, реструктуризация займа,  ., автоматизации, проводят,  .",['случайный адрес'],null
44444_ERO,44633_QDB,398578,RUB,отклонена,USA,"приветствовать, этот, уточняющие, ., , ., , предоставление займа","., , на, ., , ПОД/ФТ, всем, Иран",null
27261_HMT,29419_XTP,277742,RUB,ожидается,IRN,['дефолтная цель платежа'],null,null
56764_SOX,30757_NQQ,3154,EUR,отклонена,IRN,"Потребуется, ., , ., , важно, его., погашение займа","., , Иран, нехорошими, закрываются.,  ., в",103.33
25508_YXR,51295_HSK,169503,RUB,ожидается,USA,"комплаенса., лицензий, автоматизация, .,  ., реструктуризация займа",null,null
29925_FFW,52640_ZVH,2979,EUR,ожидается,null,"погашение займа, ., вам, ( , задание,, Соблюдение",null,108.39
29946_KXJ,37006_ILI,332837,RUB,завершена,IRN,"получение кредита, сценарий, ( , со, или,  .",['случайный адрес'],null
20274_PMD,43325_JYS,281566,RUB,завершена,null,"., ( , регулятора, регулятора, займ, ГлоуБайта,",['случайный адрес'],null
53744_BQP,29419_XTP,378030,RUB,завершена,USA,"законов., его.,  ),  ., если, получение кредита",['случайный адрес'],null
39375_QMF,30424_FUW,76655,RUB,отклонена,null,"., пресекает,  ., по, невозможно, реструктуризация займа","КНДР, ., со, по-своему., банки, .",null
51267_DRN,28092_GGU,2022490,RUB,завершена,USA,"мероприятии, требования, ., погашение займа, шагам,, .",['случайный адрес'],null
34805_KWD,48196_XIK,319058,RUB,завершена,RUS,"которые,  ), пресекает, кредит, себя,  .",['случайный адрес'],null
55499_ZIZ,59621_TDB,4406887,RUB,завершена,USA,"которые, реструктуризация займа, банк,  ), которая,  .",null,null
51692_XZD,41393_JLH,1124463,RUB,завершена,null,['дефолтная цель платежа'],['случайный адрес'],null
27418_WEC,18336_HSS,216172,RUB,завершена,RUS,['дефолтная цель платежа'],"миллионы, ., банк, ( , тематике, Северная Корея",null
37594_IZI,60403_GQK,45164,EUR,отклонена,null,"невозможно, займ,  ., которая, ., этом","Северная Корея,  ), банки, ГлоуБайта,, ( , формате",107.23
62524_BLF,61180_SJK,3513750,RUB,завершена,IRN,"сценарий, платеж по кредиту, ., sql-запроса,  ., терроризма,","это, задача,, ., , этот, ., Северная Корея",null
35562_UOE,22462_OCY,4298490,RUB,ожидается,null,"кредит,  ), раз, роль, важно, ( ",['случайный адрес'],null
35345_UUD,45095_NYQ,75722,RUB,завершена,USA,['дефолтная цель платежа'],['случайный адрес'],null
53918_LLL,40856_CIR,75282,RUB,ожидается,null,['дефолтная цель платежа'],['случайный адрес'],null
33904_MAN,16809_ZUN,4278953,RUB,завершена,RUS,"сыграет, Через, В,  ), предоставление займа,  )",null,null
50096_SYX,43061_TGJ,205312,RUB,завершена,RUS,"банк,  ), каждый, ( , всем, платеж по кредиту",null,null
60902_TNA,46098_KVH,193560,RUB,ожидается,RUS,"( , ( , всем, лишаются, предоставление займа, ежедневно",null,null
22624_ATF,20721_VXZ,218711,RUB,отклонена,PRK,"кредит,  ),  ), себя, бизнес, тебя",['случайный адрес'],null
25269_WIC,30494_QVB,344186,RUB,завершена,USA,"., , нехорошими, проанализировать, реструктуризация займа, по,  )",['случайный адрес'],null
43358_NHB,31464_GQL,269613,RUB,отклонена,USA,['дефолтная цель платежа'],null,null
20269_BYL,48196_XIK,159936,RUB,завершена,null,"На, займ, ., , проходят, справиться,  )",['случайный адрес'],null
34558_NNL,23082_ELS,1945,EUR,завершена,RUS," ., которые, по, ( , иными, получение кредита",null,100.01
59368_RDZ,34615_LOH,1320998,RUB,ожидается,PRK,"Банкам, ., , предоставление займа, хакатоне, ., , Рады",null,null
24699_MTE,57504_WON,3498,EUR,завершена,USA," ., погашение займа, ( , выявления, если, банк",['случайный адрес'],106.22
62352_XVA,27092_LEW,1486,EUR,завершена,USA,"предоставление займа, бизнес, процесс., которые,  ., ( ",['случайный адрес'],100.26
25080_FZF,53807_UMB,331680,RUB,завершена,null,"., , трактует, проводят, предоставление займа, На, .",null,null
32746_AND,57997_MOX,252633,RUB,завершена,USA,"случаях,, ., sql-запроса, ГлоуБайта,, реструктуризация займа,  .",null,null
25968_SUJ,44114_ZGJ,253477,RUB,завершена,IRN,['дефолтная цель платежа'],"( , законов., уточняющие, ., , занимаются, КНДР",null
63005_QUQ,34601_TEO,2293586,RUB,завершена,IRN,['дефолтная цель платежа'],null,null
37492_PBC,18123_WBB,59514,EUR,завершена,RUS,['дефолтная цель платежа'],['случайный адрес'],97.51
32607_VBD,27043_NUY,874,USD,завершена,USA,['дефолтная цель платежа'],"формате, КНДР, если,  ), написать, ., ",93.80
60701_LDG,49776_VPI,115956,RUB,завершена,IRN,"сыграет,  ), ., , трактует, и, погашение займа",['случайный адрес'],null
42120_SFR,30114_YGI,3420,EUR,отклонена,null,"получение кредита,  ), ., , этот, протестировать, вопросы","Соблюдение, Иран,  ), задача,, ., , проходят",103.97
48461_AKC,49655_PUF,974255,RUB,завершена,USA,"., ,  ), сценарий, таких, реструктуризация займа, В",['случайный адрес'],null
25701_NQS,24314_HFC,236119,RUB,завершена,RUS,"предоставление займа, ., , важно, Соблюдение,  ., законов",null,null
54226_KXN,26868_EGK,103153,RUB,завершена,null,"( , кредит, проверок., ( , автоматизация, пресекает",null,null
57829_QHU,34634_QBU,4784753,RUB,завершена,USA,"поможет, сложностями, клиенты, платеж по кредиту, ( ,  )",['случайный адрес'],null
33994_MPU,62558_IUL,4493608,RUB,отклонена,USA,['дефолтная цель платежа'],null,null
57528_VZJ,53554_RCL,378150,RUB,завершена,RUS,['дефолтная цель платежа'],['случайный адрес'],null
43530_KEO,47532_UWI,2347,EUR,завершена,USA,['дефолтная цель платежа'],null,101.88
40971_XRM,26847_ROY,3967,EUR,завершена,RUS,"., и, протестировать, реструктуризация займа, ., , роль",['случайный адрес'],107.96
46005_GAC,46455_VQG,3686,EUR,ожидается,PRK," ), ., погашение займа, не, роль, написать",null,96.82
21333_COM,59338_KVM,184106,RUB,завершена,USA,"выполнения, платеж по кредиту, экспертов, которые, ., , ( ",null,null
57909_YUB,44035_XEA,20852,EUR,завершена,USA,"На, ( , лишаются, ( , погашение займа, в",['случайный адрес'],98.53
22485_SXQ,20919_QEY,2996593,RUB,ожидается,PRK,['дефолтная цель платежа'],null,null
42785_LZG,49654_HKH,277119,RUB,завершена,null,['дефолтная цель платежа'],['случайный адрес'],null
50175_BVW,23082_ELS,4024,USD,завершена,PRK,"в, ., клиенты, погашение займа, задача,,  )",null,91.27
65523_WJR,34615_LOH,957174,RUB,отклонена,IRN,['дефолтная цель платежа'],['случайный адрес'],null
34617_LDW,54939_EPJ,241194,RUB,отклонена,RUS,"лишаются, на, ., , получение кредита, законов, .","( , создать, ., , Северная Корея, роль, ежедневно",null
61912_XAD,62558_IUL,5665069,RUB,завершена,null,['дефолтная цель платежа'],['случайный адрес'],null
40571_QIX,58044_FUP,1919927,RUB,отклонена,PRK,['дефолтная цель платежа'],null,null
46182_YGT,52415_UGA,333456,RUB,завершена,USA,['дефолтная цель платежа'],['случайный адрес'],null
48368_JIC,52415_UGA,183055,RUB,завершена,USA,"по, кредит, вопросы, ( , ., по",['случайный адрес'],null
37833_KLV,30264_WKI,1794188,RUB,завершена,null,"работе:, ГлоуБайта,,  ., кредит, написать, .",null,null
54523_RMK,31012_WBQ,354327,RUB,завершена,RUS,"платеж по кредиту, ПОД/ФТ,  ), проходим, sql-запроса, ( ",null,null
16546_XED,30114_YGI,63952,RUB,отклонена,null,"его., экспертов, деятельность,  .,  ), платеж по кредиту",['случайный адрес'],null
64403_SZV,32546_UEI,308532,RUB,ожидается,null,"погашение займа, ( , вопросы,  ., Потребуется, Соблюдение",null,null
22488_CXM,40644_TRH,43551,USD,отклонена,null,"( , роль, -, реструктуризация займа,  ., задать",null,105.40
64286_OLP,33603_GSH,207188,RUB,ожидается,PRK," ., ( , реструктуризация займа, терроризма,, сценарий, тематике",['случайный адрес'],null
46428_UPW,31464_GQL,64345,RUB,отклонена,IRN,['дефолтная цель платежа'],"лишаются, ( , иными, КНДР, Банкам,  )",null
57988_WSX,63789_ZHW,271576,RUB,завершена,RUS,"предоставление займа, терроризма,, доходов,  ., справиться,  )",['случайный адрес'],null
59909_MMX,19387_EBL,3158,EUR,ожидается,RUS,"( ,  ), займ, по, поможет, и",['случайный адрес'],94.18
62081_LBR,55949_RRJ,1521,USD,завершена,RUS,['дефолтная цель платежа'],['случайный адрес'],88.05
39860_AWN,54948_RXM,70973,RUB,завершена,null," ., уточняющие, погашение займа, ., , не, по-своему.",null,null
20534_TSF,55470_HKG,362873,RUB,ожидается,USA," ), законов, реструктуризация займа, Банкам,  ), банков",['случайный адрес'],null
51408_YWN,32076_WMB,258273,RUB,отклонена,null,"., , ( , это, банк, получение кредита, ГлоуБайта,",['случайный адрес'],null
42448_RQL,33880_ZPT,3267652,RUB,завершена,null,"требуется, настроить,  ), погашение займа, банки, ., ",['случайный адрес'],null
30659_SMR,38677_VYC,1124088,RUB,завершена,null,['дефолтная цель платежа'],null,null
44541_QDV,30318_WHY,232841,RUB,завершена,PRK," ), вручную., получение кредита, ( , автоматизация, каждый",['случайный адрес'],null
30267_XPA,44461_RBQ,156946,RUB,завершена,null,"по-своему., платеж по кредиту, ., ( , раз, консультантов-экспертов",['случайный адрес'],null
48805_YNM,61595_DZD,2693,EUR,ожидается,RUS,"их, ( , тематике, по, ., , реструктуризация займа",['случайный адрес'],105.44
33982_MET,58044_FUP,2184894,RUB,завершена,null,['дефолтная цель платежа'],null,null
37543_IIH,63789_ZHW,4324099,RUB,ожидается,USA,"выявления, ., погашение займа, отмыванием, и, .",['случайный адрес'],null
34969_NOJ,32860_PTP,1532686,RUB,отклонена,USA,"проанализировать, погашение займа, эту,  ), миллионы, ., ",['случайный адрес'],null
38519_VCL,64220_ZUQ,33573,USD,завершена,PRK,"предоставление займа, в, ( , операций,,  ), в",['случайный адрес'],96.17
52252_OCM,21548_MFX,4255604,RUB,завершена,RUS," ), получение кредита, со, ., , хакатоне, лишаются",['случайный адрес'],null
54259_IZT,28985_ZAP,952,EUR,завершена,RUS,"Но, ., , реструктуризация займа,  ), волнуйтесь,, задать",null,95.73
24942_AKA,48233_VCY,19026,USD,отклонена,null,"реструктуризация займа,  ., себя, ( , выполнения, вопросы",null,91.29
53486_OVU,25747_MCY,212030,RUB,завершена,PRK,"( , ., непростая, платеж по кредиту, на, их",null,null
48191_ZQX,46678_LTV,2344,USD,отклонена,RUS,['дефолтная цель платежа'],['случайный адрес'],90.95
38911_ORL,23694_GOK,90617,RUB,завершена,IRN,"., погашение займа,  ), техническое, сценарий, многоуровневый",['случайный адрес'],null
61115_IVV,38682_HFI,3467442,RUB,завершена,IRN,"ГлоуБайта,, ., , какие, пройдя, ., , погашение займа",['случайный адрес'],null
19556_VIT,41393_JLH,174714,RUB,ожидается,null,"настроить,  ), которая, ., создать, кредит"," ), этот, таких, Северная Корея, роль, ( ",null
19394_PSJ,48196_XIK,70336,RUB,отклонена,USA,"банком, настроить, получение кредита,  ., этом, .",['случайный адрес'],null
22909_LCR,21613_QRD,283472,RUB,ожидается,USA,"создать, проходят, ГлоуБайта,,  ., ., реструктуризация займа",['случайный адрес'],null
57421_AJQ,44114_ZGJ,655,USD,завершена,USA,['дефолтная цель платежа'],['случайный адрес'],100.17
46503_UOJ,41295_ERJ,164775,RUB,завершена,RUS,['дефолтная цель платежа'],['случайный адрес'],null
17451_CXM,50303_XMO,3573,EUR,завершена,PRK," ., соблюдения, деятельность, не, предоставление займа, .","требуется, ., Иран, комплаенса., тебя, .",97.79
24526_VTK,22722_JOL,3900,EUR,завершена,RUS,"Через, займ, узнать, ( , волнуйтесь,, ( ",['случайный адрес'],104.12
26737_GFD,40172_GDU,3201,EUR,завершена,PRK,"., ,  ), отмыванием, платеж по кредиту, на, раз",null,110.50
45304_WFV,37636_YAW,3301017,RUB,завершена,USA,"бизнес, ( , предоставление займа, регулятора,  ., миллионы","КНДР, волнуйтесь,, банк,  ), ., не",null
46302_EIT,58974_IGR,370389,RUB,завершена,RUS,['дефолтная цель платежа'],null,null
16428_BQR,53807_UMB,127506,RUB,завершена,PRK,"по, доходов, ., , написать, получение кредита,  .",null,null
44420_DXL,35618_PQU,612,EUR,ожидается,null,"непростая, ., деятельность, волнуйтесь,, кредит, ( ",null,100.34
29643_PNZ,17136_JHS,961105,RUB,завершена,null,['дефолтная цель платежа'],null,null
61511_ATO,50303_XMO,912,USD,ожидается,USA," ., предоставление займа, ., , на, занимаются, которые",null,96.74
25029_LPY,38540_JLG,343619,RUB,завершена,USA,"на,  ), ( , всем, кредит, банков",['случайный адрес'],null
58982_UXR,21027_UFE,967787,RUB,завершена,USA,"и,  ), предоставление займа, миллионы,  ., подозрительных",['случайный адрес'],null
36167_EVC,44114_ZGJ,185873,RUB,завершена,IRN," ), кредит, проверок., банк, сценарий, .",null,null
26802_RPI,27043_NUY,4235363,RUB,завершена,USA,"., , получение кредита, себя,  ), узнать, деятельность",['случайный адрес'],null
34342_WKP,27205_SVP,129620,RUB,завершена,USA,"( , выполнения, законов., предоставление займа, проверок.,  )",['случайный адрес'],null
22501_SGK,31319_YTF,1597,EUR,отклонена,PRK,['дефолтная цель платежа'],['случайный адрес'],104.31
59283_IHU,63309_CRO,3427,EUR,завершена,USA,"на,  ., по, проводят, предоставление займа,  .",null,104.68
40005_DPX,51526_UKR,2936643,RUB,завершена,USA,"задание,, заказчику,, погашение займа,  ), законов, ., ",['случайный адрес'],null
32793_NVO,58258_XLM,931,USD,завершена,USA,"клиенты., погашение займа, не, роль, ( ,  )",['случайный адрес'],98.29
21785_ITO,20919_QEY,4367793,RUB,завершена,USA,"получение кредита, формате, операции,  ., ., соблюдения",['случайный адрес'],null
40753_FFS,55636_LVZ,10081,EUR,завершена,IRN,['дефолтная цель платежа'],null,105.18
59933_RXD,49655_PUF,104249,RUB,ожидается,null,"требований, этот, ( , ., , их, кредит",['случайный адрес'],null
58911_SZE,23101_NDE,141418,RUB,отклонена,RUS,"ведь, ( , бизнес, ( , сценарий, получение кредита",['случайный адрес'],null
27231_OQS,46678_LTV,854,EUR,завершена,USA,['дефолтная цель платежа'],['случайный адрес'],103.05
19777_TOP,36537_WVA,362846,RUB,завершена,null,"пресекает,  ),  ), реструктуризация займа, выявления, требований",['случайный адрес'],null
42358_YSR,44050_SLA,26796,USD,завершена,null,"Рады, платеж по кредиту, закрываются., ., банк, .",['случайный адрес'],96.39
57383_XNW,36812_ADW,140944,RUB,завершена,RUS,['дефолтная цель платежа'],"( , ( , по, банков, КНДР, законов.",null
36405_KAC,44035_XEA,227475,RUB,ожидается,null,"сценарий, процесс., ., , ., , в, реструктуризация займа",null,null
63962_JBB,41282_RDA,625,EUR,ожидается,USA,"выявления, ( ,  ), предоставление займа, уточняющие, невозможно",null,102.11
62222_GUZ,63433_WEG,236512,RUB,завершена,USA,"Потребуется, реструктуризация займа,  ., ., , процесс., вам","( , Северная Корея, ., , подозрительных, протестировать, Соблюдение",null
31728_RDB,30776_IMB,4834172,RUB,завершена,USA,['дефолтная цель платежа'],null,null
44514_UFO,16421_LHZ,397817,RUB,завершена,null,['дефолтная цель платежа'],"Северная Корея, ., , или,  ), их, терроризма,",null
59341_JLQ,29415_OPB,370859,RUB,завершена,USA,"., , по, по, ., , кредит, консультантов-экспертов",['случайный адрес'],null
22360_ROF,24625_MML,45435,EUR,отклонена,null,['дефолтная цель платежа'],"КНДР, на, работе:, ., , ., , операций,",97.10
62501_QKN,49655_PUF,3588,USD,завершена,IRN,"., , требуется, трактует, предоставление займа,  ., задание,",null,95.22
22621_USS,56304_FUS,4158219,RUB,завершена,USA,"., , соблюдения, sql-запроса, ., , роль, получение кредита",null,null
16455_BJK,20242_HSA,65797,RUB,завершена,RUS,['дефолтная цель платежа'],"закрываются., ., Северная Корея, миллионы, ( , по",null
30370_URZ,54146_TFR,270646,RUB,завершена,IRN,"проводят, нехорошими, ., ( , реструктуризация займа, Потребуется",['случайный адрес'],null
47632_BTF,33743_MGJ,213391,RUB,завершена,null,"ГлоуБайта,,  ), команда, на, получение кредита,  .",['случайный адрес'],null
21491_WWL,55436_FSI,4096610,RUB,завершена,IRN,"., , -, На,  ., платеж по кредиту, в",['случайный адрес'],null
55291_FQS,19387_EBL,371700,RUB,завершена,null,"в, ( , получение кредита, ., роль, ведь",null,null
31207_JPT,32427_XLX,1248,EUR,завершена,USA,"ведь, получение кредита, протестировать, ( , роль, ., ",['случайный адрес'],98.02
50426_FSF,62137_CWG,841,USD,отклонена,IRN,"предоставление займа, ежедневно, ., , вам, выявления, .",['случайный адрес'],92.17
60947_LZB,64168_TLV,5615222,RUB,завершена,PRK,"платеж по кредиту, этом,  ), в, по-своему., ( ",null,null
45551_ZTD,58327_GIX,3764,USD,завершена,RUS,"закрываются., комплаенса.,  ., волнуйтесь,, предоставление займа, ( ",null,91.83
16992_BHG,35349_LYX,106775,RUB,завершена,null," ), на, задание,, а,  ., займ",null,null
16912_EVA,40293_ILR,2824717,RUB,отклонена,IRN,"sql-запроса, на, ., эту, кредит,  )",['случайный адрес'],null
61970_MYB,64649_UCE,1392676,RUB,завершена,null,['дефолтная цель платежа'],null,null
38900_YPU,18123_WBB,1148189,RUB,отклонена,PRK,"., займ, закрываются.,  ., предстоит, ГлоуБайта,",['случайный адрес'],null
24287_QVH,49190_HWB,103280,RUB,завершена,null,"банки, ., ,  ), регулятора, это, кредит",null,null
44060_UOB,51389_NOI,4286954,RUB,отклонена,RUS,['дефолтная цель платежа'],null,null
61868_SNY,38925_ZBJ,132429,RUB,завершена,RUS,['дефолтная цель платежа'],null,null
25046_NUE,27599_DDM,241286,RUB,завершена,USA,"на,  ), роль, ., предоставление займа, проводят",['случайный адрес'],null
47690_OKJ,27599_DDM,1304887,RUB,завершена,RUS,"платеж по кредиту, в, по-своему.,  .,  ., эту",['случайный адрес'],null
21025_WRI,38540_JLG,1520,USD,завершена,IRN,['дефолтная цель платежа'],['случайный адрес'],97.45
31388_HYQ,27599_DDM,229111,RUB,завершена,null,"требования, сложностями, платеж по кредиту,  ., -, .",null,null
41488_MOT,47058_TYR,3185,EUR,завершена,RUS,"( , реструктуризация займа, процесс., требуется, задание,,  .",['случайный адрес'],97.14
22238_QCI,48196_XIK,1258,EUR,ожидается,null,['дефолтная цель платежа'],"Северная Корея, ( , ., , отмыванием, иными, формате",101.38
64275_GQX,31109_CEH,296011,RUB,завершена,null,['дефолтная цель платежа'],['случайный адрес'],null
23096_GBX,20049_OMY,3339,USD,ожидается,RUS,['дефолтная цель платежа'],['случайный адрес'],95.86
23147_JUC,30816_HOB,1331,EUR,завершена,USA,['дефолтная цель платежа'],"закрываются., консультантов-экспертов,  ., ., , операций,, КНДР",97.78
36919_GSA,24564_TGE,238118,RUB,завершена,null,"кредит, Потребуется, ( , в, ., , и",['случайный адрес'],null
40472_NUN,45095_NYQ,3581,USD,завершена,null," ., соблюдения, предоставление займа, ., , создать, сценарий"," ), таких, делами,, КНДР,  ., банков",86.58
35995_NMH,38677_VYC,236401,RUB,завершена,RUS,"по, реструктуризация займа, Поэтому, ( , волнуйтесь,,  .",['случайный адрес'],null
25370_QIC,57363_GDB,277188,RUB,завершена,RUS,"клиенты,  ), банк, предоставление займа, ( , и",['случайный адрес'],null
41466_CZU,64649_UCE,38049,USD,отклонена,RUS,"Банкам, клиенты., требуется, кредит,  ), ., ",['случайный адрес'],98.42
25109_NQF,38038_XUF,235033,RUB,отклонена,USA," ),  ., В, sql-запроса, Но, займ",['случайный адрес'],null
58430_QFR,64207_EUE,334759,RUB,завершена,USA,"хакатоне, настроить, это,  ., кредит,  )",null,null
60760_VFV,18442_XTV,4770599,RUB,завершена,USA,"., , в, кредит,  ., финансированием, трактует",['случайный адрес'],null
25746_WTL,20942_ZDX,2969,EUR,ожидается,USA,['дефолтная цель платежа'],null,102.46
20867_VBR,40107_LDE,290457,RUB,завершена,RUS,"., и, платеж по кредиту,  ., лишаются, работе:",null,null
51151_ASA,58513_BAG,1928864,RUB,ожидается,RUS,"написать, выполнения,  ., получение кредита, случаях,,  .",['случайный адрес'],null
53299_BEG,59571_QMS,687,EUR,завершена,null,['дефолтная цель платежа'],['случайный адрес'],103.97
16939_BVX,43877_YAQ,2833,USD,отклонена,RUS,['дефолтная цель платежа'],null,90.90
56381_KLK,64350_AKF,3006,USD,завершена,IRN," ), Рады, роль, Банкам,  ., займ","мероприятии, Но, ( , в, КНДР, ., ",96.81
58983_IKD,60304_UDB,1623,EUR,ожидается,USA,"., автоматизация, заказчику,, платеж по кредиту, себя,  )",['случайный адрес'],102.28
27139_ASB,64649_UCE,32444,USD,завершена,null,['дефолтная цель платежа'],['случайный адрес'],92.70
45226_TBW,38038_XUF,288989,RUB,отклонена,RUS,['дефолтная цель платежа'],"( , вопросы, многоуровневый, законов.,  ), КНДР",null
39399_JNH,46492_KEY,53259,USD,завершена,USA,['дефолтная цель платежа'],null,95.50
63729_RPH,23357_CFD,766,EUR,завершена,USA,['дефолтная цель платежа'],null,101.33
30346_YJV,30830_OCN,203363,RUB,отклонена,RUS," ., предстоит, погашение займа, и, задать, .",['случайный адрес'],null
57545_AEF,61483_CDJ,4118,USD,завершена,PRK,"операции, проходим, ., , предоставление займа,  ), банков","., , себя, требования, раз,  ), КНДР",88.82
65422_TUW,27092_LEW,292036,RUB,завершена,null,['дефолтная цель платежа'],null,null
26304_HQH,31387_VKA,1854,USD,ожидается,null,['дефолтная цель платежа'],"клиенты., заказчику,,  ), экспертов, КНДР, ( ",99.82
